{
    "epoch": [
        1001
    ],
    "train_loss": [
        367.15931859545697
    ],
    "val_loss": [
        363.93842467113524
    ],
    "train_accuracy": [
        0.36825412585392664
    ],
    "val_accuracy": [
        0.3658336977494672
    ],
    "learning_rate": [
        1.9999999999999998e-05
    ],
    "gradient_norm": [
        85.74186219264121
    ],
    "memory_used": [
        0.108306884765625
    ],
    "samples_per_sec": [
        550.6894732038759
    ],
    "time_elapsed": [
        0.017695998333333334
    ],
    "worker_id": [
        4
    ]
}